location,text
Passio_1,"τῶν δὲ Ἰουδαίων οὐδείς ἐνίψατο τὰς χεῖρας, οὐδὲ Ἡρῴδης οὐδὲ τις τῶν κριτῶν αὐτοῦ. καὶ μὴ βουληθέντων νίψασθαι, ἀνέστη Πειλᾶτος. "
Passio_2,"καὶ τότε κελεύει Ἡρῴδης ὁ βασιλεὺς παραπεμφθῆναι τὸν κύριον, εἰπὼν αὐτοῖς, ὅτι ὅσα ἐκέλευσα ὑμῖν ποιῆσαι αὐτῷ, ποιήσατε. "
Passio_3,"ἱστήκει δὲ ἐκεῖ Ἰωσὴφ, ὁ φίλος Πειλάτου καὶ τοῦ κυρίου, καὶ εἰδὼς ὅτι ἐκέλευσεν Ἡρῴδης σταυρίσκειν αὐτὸν, ἐλθών πρὸς Πειλάτον, καὶ ἤτησε τὸ σῶμα εἰς ταφήν. "
Passio_4,"καὶ Πειλᾶτος ἔφη, πρὸς Ἡρῴδην· ἤτησα αὐτοῦ τὸ σῶμα. "
Passio_5,"καὶ ὁ Ἡρῴδης ἔφη· ἀδελφέ Πειλάτε, εἰ καὶ μή τις αὐτὸν ᾔτηκει, ἡμεῖς αὐτὸν ἐθάπτομεν, ἐπεὶ καὶ σάββατον ἐπιφώσκει· γέγραπται γὰρ ἐν τῷ νόμῳ ἥλιον μὴ δῦναι ἐπὶ πεφονευμένῳ. καὶ παρέδωκεν αὐτὸν τῷ λαῷ πρὸ μιᾶς τῶν ἀζύμων τῆς ἑορτῆς αὐτῶν. "
Passio_6,"οἱ δὲ λαβόντες τὸν κύριον ὤθουν αὐτῶν τρέχοντες καὶ ἔλεγον· σύρωμεν τὸν υἱὸν τοῦ θεοῦ, ἐξουσίαν αὐτοῦ ἐσχηκότες. "
Passio_7,"καὶ πορφύραν αὐτὸν περιέβαλλον, καὶ ἐκάθισαν αὐτὸν ἐπὶ καθέδραν κρίσεως, λέγοντες· δικαίως κρῖνε, βασιλεῦ τοῦ Ἰσραήλ. "
Passio_8,"καὶ τις αὐτῶν ἐνεγκὼν στέφανον ἀκάνθινον, ἔθηκεν ἐπὶ τῆς κεφαλῆς τοῦ κυρίου. "
Passio_9,"καὶ ἕτεροι ἑστῶτες ἐνέπτυον αὐτοῦ ταῖς ὀψέσι, καὶ ἄλλοι τὰς σιαγόνας αὐτοῦ ἐράπισαν, ἕτεροι καλάμῳ ἐνύσσον αὐτόν, καί τινες αὐτὸν ἐμάστιζον λέγοντες· ταύτῃ τῇ τιμῇ τιμήσωμεν τὸν υἱὸν τοῦ θεοῦ. "
Passio_10,"καὶ ἤνεγκαν δύο κακούργους καὶ ἐσταύρωσαν ἀνὰ μέσον αὐτῶν τὸν κύριον. αὐτὸς δὲ ἐσιώπα ὡς μηδένα πόνον ἔχων. "
Passio_11,"καὶ ὅτε ὤρθωσαν τὸν σταῦρον, ἐπέγραψαν ὅτι οὗτός ἐστιν ὁ βασιλεὺς τοῦ Ἰσραήλ. "
Passio_12,"καὶ τεθεικότες τὰ ἐνδύματα ἔμπροσθεν αὐτοῦ διεμερίσαντο καὶ λαχμὸν ἔβαλον ἐπ᾿ αὐτοῖς. "
Passio_13,"εἱς δέ τις τῶν κακούργων ἐκείνων ὠνείδησεν αὐτοὺς λέγων· ἡμεῖς διὰ τὰ κακὰ ἁ ἐποιήσαμεν οὕτω πεπόνθαμεν· οὕτως οὕτως δὲ σωτὴρ γενόμενος τῶν ἀνθρώπων τί ἠδίκησεν ὑμᾶς; "
Passio_14,"καὶ ἀγανακτήσαντες ἐπ᾿ αὐτῷ ἐκέλευσαν ἵνα μὴ σκελοκοπηθῇ, ὅπως βασανιζόμενος ἀποθάνοι. "
Passio_15,"ἦν δὲ μεσημβρία, καὶ σκότος κατέσχεν πᾶσαν τὴν Ἰουδαίαν· καὶ ἐθορυβοῦντο καὶ ἠγωνίων μήποτε ὁ ἥλιος ἔδυ, ἐπειδὴ ἔτι ἔζη· γέγραπται αὐτοῖς ἥλιον μὴ δῦναι ἐπὶ πεφονευμένῳ. "
Passio_16,"καί τις αὐτῶν εἰπεν· ποτίσατε αὐτὸν χολὴν μετὰ ὄξους· καὶ κεράσαντες ἐπότισαν. "
Passio_17,"καὶ ἐπλήρωσαν πάντα, καὶ ἐτελείωσαν κατὰ τῆς κεφαλῆς αὐτῶν τὰ ἁμαρτήματα. "
Passio_18,"περιήρχοντο δὲ πολλοὶ μετὰ λύχνων, νομίζοντες ὅτι νύξ ἐστιν ἐπέσαντο. "
Passio_19,"καὶ ὁ κύριος ἀνεβόησε λέγων· ἡ δύναμίς μου, ἡ δύναμις, κατελειψάς με· καὶ εἰπὼν ἀνελήφθη. "
Passio_20,"καὶ ἀὑτῆς ὥρας διεράγη τὸ καταπέτασμα τοῦ ναοῦ τῆς Ἱερουσαλὴμ εἰς δύο. "
Passio_21,"καὶ τότε ἀπέσπασαν τοὺς ἥλους ἀπὸ τῶν χειρῶν τοῦ κυρίου, καὶ ἔθηκαν αὐτὸν ἐπὶ τῆς γῆς, καὶ ἡ γῆ πᾶσα ἐσείσθη, καὶ φόβος μέγας ἐγένετο. "
Passio_22,"τότε ἥλιος ἔλαμψε, καὶ εὑρέθη ὥρα ἐνάτη. "
Passio_23,"ἐχάρησαν δὲ οἱ Ἰουδαῖοι, καὶ δεδόκασιν τῷ Ἰωσὴφ τὸ σῶμα αὐτοῦ, ἵνα αὐτὸ θάψῃ, ἐπειδὴ θεασάμενος ἦν ὅσα ἀγαθὰ ἐποίησεν. "
Passio_24,"λαβὼν δὲ τὸν κύριον ἔλουσε, καὶ εἵλησε σινδόνιν, καὶ εἰσήγαγεν εἰς ἴδιον τάφον καλούμενον κῆπον Ἰωσήφ. "
Passio_25,"τότε οἱ Ἰουδαῖοι καὶ οἱ πρεσβύτεροι καὶ οἱ ἱερεῖς, γνόντες οἷον κακὸν ἑαυτοῖς ἐποίησαν, ἤρξαντο κόπτεσθαι καὶ λέγειν· οὐαὶ ταῖς ἁμαρτίαις ἡμῶν· ἤγγισεν ἡ κρίσις καὶ τὸ τέλος Ἱερουσαλήμ. "
Passio_26,"ἐγὼ δὲ μετὰ τῶν ἑταίρων μου ἐλυπούμην, καὶ τετρωμένοι κατὰ διάνοιαν ἐκρυβόμεθα. ἐζητούμεθα γὰρ ὑπ᾿ αὐτῶν ὡς κακοῦργοι, καὶ ὡς τὸν ναὸν θέλοντες ἐμπρῆσαι. "
Passio_27,"ἐπὶ δὲ τούτοις πᾶσιν ἐνηστεύομεν, καὶ ἐκαθεζόμεθα πενθοῦντες καὶ κλαίοντες νυκτὸς καὶ ἡμέρας ἕως τοῦ σαββάτου. "
Passio_28,"συναχθέντες δὲ οἱ γραμματεῖς καὶ Φαρισαῖοι καὶ πρεσβύτεροι πρὸς ἀλλήλους, ἀκούσαντες ὅτι ὁ λαὸς ἅπας γογγύζει καὶ κόπτεται τὰ στήθη, λέγοντες ὅτι· εἰ τῷ θανάτῳ αὐτοῦ ταῦτα τὰ μέγιστα σημεῖα γέγονεν, ἴδετε ὅτι πόσον δίκαιός ἐστιν. "
Passio_29,"ἐφοβήθησαν οἱ πρεσβύτεροι, καὶ ἦλθον πρὸς Πειλᾶτον, δεόμενοι αὐτοῦ καὶ λέγοντες· "
Passio_30,"παράδος ἡμῖν στρατιώτας, ἵνα φυλάξω τὸ μνῆμα αὐτοῦ ἐπὶ τρεῖς ἡμέρας, μήποτε ἐλθόντες οἱ μαθηταὶ αὐτοῦ κλέψωσιν αὐτὸν, καὶ ὑπολάβη ὁ λαὸς ὅτι ἐκ νεκρῶν ἀνέστη, καὶ ποιήσωσιν ἡμῖν κακά. "
Passio_31,"ὁ δὲ Πειλᾶτος παραδέδωκεν αὐτοῖς Πετρώνιον τὸν κεντυρίωνα μετὰ στρατιωτῶν φυλάσσειν τὸν τάφον. καὶ σὺν αὐτοῖς ἦλθον πρεσβύτεροι καὶ γραμματεῖς ἐπὶ τὸ μνῆμα. "
Passio_32,"καὶ κυλίσαντες λίθον μέγαν κατὰ τοῦ κεντυρίωνος καὶ τῶν στρατιωτῶν, ὁμοῦ πάντες οἱ ὄντες ἐκεῖ, ἔθηκαν ἐπὶ τῇ θύρᾳ τοῦ μνήματος. "
Passio_33,"καὶ ἐπέχρισαν ἑπτὰ σφραγίδας, καὶ σκηνὴν ἐκεῖ πήξαντες, ἐφύλαξαν. "
Passio_34,"πρωΐας δὲ ἐπιφώσκοντος τοῦ σαββάτου, ἦλθεν ὄχλος ἀπὸ Ἱερουσαλήμ καὶ τῆς περιχώρου, ἵνα ἴδωσι τὸ μνημεῖον ἐσφραγισμένον. "
Passio_35,"τῇ δὲ νυκτὶ ᾖ ἐπέφωσκεν ἡ κυριακή, φυλασσόντων τῶν στρατιωτῶν ἀνὰ δύο δύο κατὰ φρουράν, μεγάλη φωνὴ ἐγένετο ἐν τῷ οὐρανῷ. "
Passio_36,"καὶ εἶδον ἀνοιχθέντας τοὺς οὐρανοὺς, καὶ δύο ἄνδρας κατελθόντας ἐκεῖθεν, πολὺ φέγγος ἔχοντας καὶ ἐγγίσαντας τῷ τάφῳ. "
Passio_37,"ὁ δὲ λίθος ἐκεῖνος ὁ βεβλημένος ἐπὶ τῇ θύρᾳ ἀφ᾿ ἑαυτοῦ κυλισθεὶς, ἐπεχώρησε παρὰ μέρος, καὶ ὁ τάφος ἡνοίγη, καὶ ἀμφότεροι οἱ νεανίσκοι εἰσῆλθον. "
Passio_38,"ἰδόντες οὖν οἱ στρατιῶται ἐκεῖνοι, ἐξύπνισαν τὸν κεντυρίωνα καὶ τοὺς πρεσβυτέρους· παρῆσαν γὰρ καὶ αὐτοὶ φυλάσσοντες. "
Passio_39,"καὶ ἐξηγουμένων αὐτῶν ἁ εἶδον, πάλιν ὅρασιν ἐξελθόντος ἀπὸ τοῦ τάφου τρεῖς ἄνδρας, καὶ τοὺς δύο τὸν ἕνα ὑπορθοῦντας, καὶ σταυρὸν ἀκολουθοῦντα αὐτοῖς. "
Passio_40,"καὶ τῶν μὲν δύο τὴν κεφαλὴν χωροῦσαν μέχρι τοῦ οὐρανοῦ, τοῦ δὲ χειραγωγουμένου ὑπ᾿ αὐτῶν ὑπερβαίνουσαν τοὺς οὐρανούς. "
Passio_41,"καὶ φωνῆς ἤκουον ἐκ τῶν οὐρανῶν λεγούσης· ἐκήρυξας τοῖς κοιμωμένοις; "
Passio_42,"καὶ ὑπακοὴ ἠκούετο ἀπὸ τοῦ σταυροῦ ὅτι ναί. "
Passio_43,"συνεσκέπτοντο οὖν ἀλλήλοις ἐκεῖνοι ἀπελθεῖν καὶ ἐνφανίσαι ταῦτα τῷ Πειλάτῳ. "
Passio_44,"καὶ ἔτι διανοουμένων αὐτῶν φαίνονται πάλιν ἀνοιχθέντες οἱ οὐρανοὶ, καὶ ἀνθρωπός τις κατελθὼν, καὶ εἰσελθὼν εἰς τὸ μνῆμα. "
Passio_45,"ταῦτα ἰδόντες οἱ περὶ τὸν κεντυρίωνα νυκτὸς ἔσπευσαν πρὸς Πειλάτον, ἀφέντες τὸν τάφον ὃν ἐφύλασσον, καὶ ἐξηγήσαντο πάντα ἅπερ εἶδον, ἀγωνιῶντες μεγαλῶς, καὶ λέγοντες· ἀληθῶς υἱὸς ἦν θεοῦ. "
Passio_46,"ἀποκριθεὶς ὁ Πειλάτος ἔφη· ἐγὼ καθαρεύω τοῦ αἵματος τοῦ υἱοῦ τοῦ θεοῦ· ἡμῖν δὲ τοῦτο ἔδοξεν. "
Passio_47,"εἰτα προσελθόντες πάντες ἐδέοντο αὐτοῦ, καὶ παρεκάλουν κελεῦσαι τῷ κεντυρίωνι, καὶ τοῖς στρατιώταις μηδὲν, εἰπεῖν ἁ εἶδον. "
Passio_48,"συμφέρει γάρ, φασίν, ἡμῖν ὀφλῆσαι μεγίστην ἁμαρτίαν ἔμπροσθεν τοῦ θεοῦ, καὶ μὴ ἐμπεσεῖν εἰς χεῖρας τοῦ λαοῦ τῶν Ἰουδαίων καὶ λιθασθῆναι. "
Passio_49,"ἐκέλευσεν οὖν ὁ Πειλάτος τῷ κεντυρίωνι, καὶ τοῖς στρατιώταις μηδὲν εἰπεῖν. "
Passio_50,"ὀρθροῦ δὲ τῆς κυριακῆς Μαριάμνη ἡ Μαγδαλινὴ μαθήτρια τοῦ κυρίου φοβουμένη διὰ τοὺς Ἰουδαίους, ἐπειδὴ ἐφλέγοντο ὑπὸ τῆς ὀργῆς, οὐκ ἐποίησεν ἐπὶ τῷ μνήματι τοῦ κυρίου, ἁ ἐιώθεσαν ποιεῖν αἱ γυναῖκες ἐπὶ τοῖς ἀποθνήσκουσι καὶ τοῖς ἀγαπωμένοις αὐταῖς. "
Passio_51,"λαβοῦσα μεθ᾿ ἑαυτῆς τὰς φίλας, ἦλθε ἐπὶ τὸ μνημεῖον ὅπου ἦν τεθείς. "
Passio_52,"καὶ ἐφοβοῦντο μὴ ἴδωσιν αὐτὰς οἱ Ἰουδαῖοι, καὶ ἔλεγον· εἰ καὶ μὴ ἐν ἐκείνῃ τῇ ἡμέρᾳ ᾑ ἐσταυρώθη, ἐδυναθήμεν κλαῦσαι καὶ κόψασθαι, καὶ νῦν ἐπὶ τοῦ μνήματος αὐτοῦ ποιήσωμεν ταῦτα. "
Passio_53,"τίς δὲ ἀποκυλίσει ἡμῖν καὶ τὸν λίθον τὸν τεθέντα ἐπὶ τῆς θύρᾳς τοῦ μνημείου, ἵνα εἰσελθοῦσαι παρακαθεσθῶμεν αὐτῷ καὶ ποιήσωμεν τὰ ὀφειλόμενα; "
Passio_54,"μέγας γὰρ ἦν ὁ λίθος, καὶ φοβούμεθα μή τις ἡμᾶς ἴδῃ. καὶ εἰ μὴ δυνάμεθα, κἂν ἐπὶ τῆς θύρας βάλωμεν ἁ φέρομεν εἰς μνημοσύνην αὐτοῦ, κλαύσομεν καὶ κοψόμεθα ἕως ἔλθωμεν εἰς τὸν οἶκον ἡμῶν. "
Passio_55,"καὶ ἀπελθοῦσαι εὗρον τὸν τάφον ἠνεῳγμένον, καὶ προσελθοῦσαι παρέκυψαν ἐκεῖ, καὶ ὁρῶσιν ἐκεῖ τινα νεανίσκον καθεζόμενον μέσῳ τοῦ τάφου, ὡραῖον καὶ περιβεβλημένον στολὴν λαμπροτάτην, ὅστις ἔφη αὐταῖς· "
Passio_56,"τί ἤλθατε; τίνα ζητεῖτε; μὴ τὸν σταυρωθέντα ἐκεῖνον; ἀνέστη καὶ ἀπῆλθεν. εἰ δὲ μὴ πιστεύεται, παρακύψατε καὶ ἴδατε τὸν τόπον ἐνθὰ ἔκειτο ὅτι οὐκ ἔστιν. ἀνέστη γὰρ, καὶ ἀπῆλθεν ἐκεῖ ὅθεν ἀπεστάλη. "
Passio_57,"τότε αἱ γυναῖκες φοβηθεῖσαι ἔφυγον. "
Passio_58,"ἦν δὲ τελευταία ἡμέρα τῶν ἀζύμων, καὶ πολλοὶ τινες ἐξήρχοντο, ὑποστρέφοντες εἰς τοὺς οἴκους αὐτῶν τῆς ἑορτῆς παυσαμένης. "
Passio_59,"ἡμεῖς δὲ οἱ δώδεκα μαθηταὶ τοῦ κυρίου ἐκλαίομεν καὶ ἐλυπούμεθα, καὶ ἕκαστος, λυπούμενος διὰ τὸ συμβὰν, ἀπηλλάγη εἰς τὸν οἶκον αὐτοῦ. "
Passio_60,"ἐγὼ δὲ Σίμων Πέτρος καὶ Ἀνδρέας ὁ ἀδελφός μου, λαβόντες ἡμῶν τὰ λίνα ἀπηλθάμεν εἰς τὴν θάλασσαν, καὶ ἦν σὺν ἡμῖν Λευεὶς ὁ τοῦ Ἀλφαίου, ὃν κύριος "